{"schemaVersion":"1.0","appDefinitionTemplate":{"id":"/providers/Microsoft.PowerApps/apps/","type":"Microsoft.PowerApps/apps","tags":{"primaryDeviceWidth":"1584","primaryDeviceHeight":"1083","supportsPortrait":"true","supportsLandscape":"true","primaryFormFactor":"Tablet","showStatusBar":"false","publisherVersion":"3.25011.7","minimumRequiredApiVersion":"2.2.0","hasComponent":"false","hasUnlockedComponent":"false","isUnifiedRootApp":"false","sienaVersion":"20250115T080407Z-3.25011.7.0"},"properties":{"appVersion":"2025-01-15T08:04:07Z","lifeCycleId":"Published","createdByClientVersion":{"major":3,"minor":25011,"build":7,"revision":0,"majorRevision":0,"minorRevision":0},"minClientVersion":{"major":3,"minor":25011,"build":7,"revision":0,"majorRevision":0,"minorRevision":0},"backgroundColor":"rgba(53, 61, 63, 1)","backgroundImageUri":"/16897139450090276938/N14017468-f8fd-4905-8329-82176d8fa749-logoSmallFile","displayName":"Weekly Consultant Timesheets","description":"Weekly timesheet application using SharePoint and Approvals.","commitMessage":"","appUris":{"documentUri":{"value":"/16897139450090276938/N875d71fc-0326-4a98-ae4c-d5d3e93c1538-document.msapp"},"imageUris":[],"additionalUris":[{"isSolutionAware":false,"value":"/16897139450090276938/Nec0a2d0b-9f13-41bf-9a0e-beeb881d66a2-identity.json"}]},"createdTime":"0001-01-01T00:00:00Z","lastModifiedTime":"0001-01-01T00:00:00Z","sharedGroupsCount":0,"sharedUsersCount":0,"connectionReferences":{"ae0b9f78-56fa-40df-9b1c-3de2009a62ec":{"id":"2e524aea-e079-4f59-b534-96705012bf8d","displayName":"Office 365 Users","iconUri":"https://conn-afd-prod-endpoint-bmc9bqahasf3grgk.b01.azurefd.net/releases/v1.0.1718/1.0.1718.3951/office365users/icon.png","dataSources":["Office365Users"],"dependencies":[],"dependents":[],"parameterHints":{},"parameterHintsV2":{},"isOnPremiseConnection":false,"bypassConsent":false,"dataSets":{},"apiTier":"Standard","isCustomApiConnection":false},"4da0e233-ac5f-4c38-8674-431da7efdbe4":{"id":"b9a12e5f-5c84-4647-a70e-2ff3f3db6f2b","displayName":"SharePoint","iconUri":"https://conn-afd-prod-endpoint-bmc9bqahasf3grgk.b01.azurefd.net/releases/v1.0.1723/1.0.1723.3986/sharepointonline/icon.png","dataSources":["Tasks","BillTo","TimeEntries"],"dependencies":[],"dependents":[],"parameterHints":{},"parameterHintsV2":{},"isOnPremiseConnection":false,"bypassConsent":false,"dataSets":{"https://iqcodex.sharepoint.com/sites/Watertrace361-HRandOperations":{"dataSources":{"Tasks":{"tableName":"5d8d0e09-8dcc-4cc9-bc64-613b015ee19b"},"BillTo":{"tableName":"f44595ed-9ef0-4fc8-acb9-570e8f5c0750"},"TimeEntries":{"tableName":"5ca0f804-9464-4f76-9817-23a69e47a31a"}}}},"apiTier":"Standard","isCustomApiConnection":false,"actions":["providers/PowerPlatform.Governance/Operations/Read","providers/PowerPlatform.Governance/Operations/Write","providers/PowerPlatform.Governance/Operations/Delete"]}},"databaseReferences":{},"almMode":"Environment","performanceOptimizationEnabled":false,"canConsumeAppPass":false,"enableModernRuntimeMode":false,"executionRestrictions":{"isTeamsOnly":false,"dataLossPreventionEvaluationResult":{"status":"Compliant","lastEvaluationDate":"2025-01-14T09:37:48.0541893Z","violations":[],"violationsByPolicy":[],"violationErrorMessage":"The app uses the following connectors: shared_office365users, shared_sharepointonline."}}},"isAppComponentLibrary":false,"appType":"ClassicCanvasApp","appComponents":[]}}